2015,難波実夢,MGニッシン,4:25.41,2016年03月17日(木)
2016,難波実夢,MGニッシン,4:25.00,2016年07月03日(日)
2017,難波実夢,都南,4:13.33,2017年08月19日(土)
2018,難波実夢,MGニッシン,4:09.78,2019年02月17日(日)
2019,難波実夢,MGニッシン,4:08.37,2019年05月30日(木)
2020,難波実夢,MGニッシン,4:10.22,2020年12月03日(木)
2021,難波実夢,ＪＳＳ,4:05.25,2022年03月02日(水)
2022,難波実夢,近畿大,4:07.43,2022年08月29日(月)
2016,小堀倭加,湘南工大附,4:12.90,2016年08月17日(水)
2017,小堀倭加,相模原ＤＣ,4:09.59,2017年08月26日(土)
2018,小堀倭加,湘南工大附,4:09.04,2018年08月11日(土)
2019,小堀倭加,ｾﾝﾄﾗﾙ戸塚,4:08.70,2019年05月30日(木)
2020,小堀倭加,ｾﾝﾄﾗﾙ戸塚,4:07.24,2021年02月04日(木)
2021,小堀倭加,JPN,4:05.57,2021年07月25日(日)
2022,小堀倭加,JPN,4:08.55,2022年06月18日(土)
2019,竹澤瑠珂,東京ＳＣ,4:22.60,2020年02月16日(日)
2020,竹澤瑠珂,東京ＳＣ,4:14.83,2021年02月21日(日)
2021,竹澤瑠珂,武蔵野中,4:10.56,2021年08月19日(木)
2022,竹澤瑠珂,JPN,4:10.13,2022年08月26日(金)
2013,望月絹子,とこはＳＳ,4:21.54,2013年11月10日(日)
2014,望月絹子,清水第六,4:16.59,2014年08月23日(土)
2015,望月絹子,清水桜が丘,4:16.83,2015年07月19日(日)
2016,望月絹子,清水桜が丘,4:16.60,2016年08月17日(水)
2017,望月絹子,とこはＳＳ,4:16.34,2017年04月13日(木)
2018,望月絹子,神奈川大,4:11.51,2018年09月07日(金)
2019,望月絹子,神奈川大,4:10.34,2020年02月02日(日)
2020,望月絹子,神奈川大,4:08.43,2020年12月03日(木)
2021,望月絹子,神奈川大学,4:10.17,2022年03月02日(水)
2022,望月絹子,鈴与株式会社,4:10.47,2022年04月28日(木)
2014,古八優季,ＫＴＶ豊中,4:24.73,2014年10月25日(土)
2015,古八優季,ＫＴＶ豊中,4:22.60,2015年08月25日(火)
2016,古八優季,太成学院大高,4:20.44,2016年07月24日(日)
2017,古八優季,太成学院大高,4:22.04,2017年07月24日(月)
2018,古八優季,ＫＴＶ豊中,4:22.67,2018年05月19日(土)
2019,古八優季,中京大,4:15.47,2019年09月06日(金)
2020,古八優季,中京大,4:14.95,2020年10月02日(金)
2021,古八優季,中京大,4:15.09,2021年10月08日(金)
2022,古八優季,中京大,4:11.10,2022年08月29日(月)
2019,奥園心咲,立命館宇治,4:24.79,2019年08月19日(月)
2020,奥園心咲,枚方ＳＳ,4:16.02,2021年03月07日(日)
2021,奥園心咲,枚方ＳＳ,4:12.07,2022年03月02日(水)
2022,奥園心咲,JPN,4:11.95,2022年08月26日(金)
2013,永島遥,スウィン大教,4:24.50,2013年08月29日(木)
2015,永島遥,白岡,4:19.55,2015年08月19日(水)
2016,永島遥,埼玉栄,4:18.92,2016年07月25日(月)
2017,永島遥,埼玉栄,4:14.87,2017年08月17日(木)
2018,永島遥,埼玉栄,4:14.33,2018年08月17日(金)
2019,永島遥,東洋大,4:16.79,2019年09月06日(金)
2020,永島遥,スウィン大教,4:16.08,2021年02月04日(木)
2021,永島遥,スウィン大教,4:13.85,2022年03月02日(水)
2022,永島遥,東洋大,4:12.22,2022年08月29日(月)
2017,岡村梨香,ｱｸﾗﾌﾞ堀之内,4:22.88,2018年02月18日(日)
2018,岡村梨香,中山,4:19.20,2018年08月19日(日)
2019,岡村梨香,ｱｸﾗﾌﾞ堀之内,4:20.09,2020年01月25日(土)
2020,岡村梨香,ｱｸﾗﾌﾞ堀之内,4:20.80,2021年02月21日(日)
2021,岡村梨香,八王子,4:14.25,2021年08月17日(火)
2022,岡村梨香,ｱｸﾗﾌﾞ堀之内,4:13.09,2022年04月28日(木)
2018,梶本一花,枚方ＳＳ,4:23.97,2018年06月10日(日)
2019,梶本一花,枚方ＳＳ,4:19.53,2020年02月02日(日)
2020,梶本一花,枚方ＳＳ,4:15.86,2021年02月04日(木)
2021,梶本一花,枚方ＳＳ,4:12.61,2022年03月02日(水)
2022,梶本一花,枚方ＳＳ,4:13.62,2022年04月28日(木)
2020,谷川亜華葉,イ ト マ ン,4:15.67,2021年02月21日(日)
2021,谷川亜華葉,ＪＡＰＡＮ,4:14.39,2021年06月03日(木)
2022,谷川亜華葉,イトマン近大,4:13.98,2022年04月28日(木)
2012,佐藤千夏,さいたま春野,4:18.21,2012年08月23日(木)
2013,佐藤千夏,スウィン大教,4:15.54,2013年05月25日(土)
2014,佐藤千夏,スウィン大教,4:12.74,2014年06月19日(木)
2015,佐藤千夏,埼玉栄,4:11.06,2015年08月17日(月)
2016,佐藤千夏,埼玉栄,4:13.22,2016年06月26日(日)
2017,佐藤千夏,埼玉栄,4:10.93,2017年08月17日(木)
2018,佐藤千夏,早稲田大,4:13.35,2018年08月04日(土)
2019,佐藤千夏,スウィン大教,4:10.95,2019年04月02日(火)
2020,佐藤千夏,早稲田大,4:11.41,2021年01月23日(土)
2021,佐藤千夏,スウィン大教,4:10.57,2021年04月04日(日)
2011,増田葵,レイＳＣ倉敷,4:24.65,2011年07月10日(日)
2012,増田葵,岡　山,4:21.91,2012年09月17日(月)
2013,増田葵,レイＳＣ倉敷,4:17.73,2013年08月29日(木)
2014,増田葵,倉敷工業,4:18.00,2014年07月05日(土)
2015,増田葵,近畿大学,4:16.43,2015年09月04日(金)
2016,増田葵,近畿大学,4:14.90,2016年09月02日(金)
2017,増田葵,近畿大学,4:13.60,2017年09月01日(金)
2018,増田葵,岡　山,4:12.53,2018年09月15日(土)
2019,増田葵,岡　山,4:11.62,2019年09月14日(土)
2020,増田葵,菅公学生服,4:10.57,2020年12月03日(木)
2021,増田葵,ＪＡＰＡＮ,4:11.22,2021年06月03日(木)
2013,髙橋美来,ＳＡシーナ,4:23.02,2013年08月29日(木)
2014,髙橋美来,北海道,4:19.32,2014年09月14日(日)
2015,髙橋美来,ＳＡシーナ,4:21.29,2015年08月25日(火)
2016,髙橋美来,ＳＡシーナ,4:14.79,2016年08月25日(木)
2017,髙橋美来,ＳＡシーナ,4:16.17,2017年08月25日(金)
2018,髙橋美来,神奈川大,4:14.04,2018年05月24日(木)
2019,髙橋美来,神奈川大,4:13.34,2019年09月06日(金)
2020,髙橋美来,神奈川大,4:14.64,2021年02月04日(木)
2021,髙橋美来,神奈川大学,4:13.72,2021年04月04日(日)
2022,髙橋美来,ＪＦＥ京浜,4:21.95,2022年04月28日(木)
2010,五十嵐千尋,横浜サクラ,4:23.23,2010年09月19日(日)
2012,五十嵐千尋,横浜サクラ,4:14.43,2012年08月25日(土)
2013,五十嵐千尋,横浜サクラ,4:10.67,2013年04月11日(木)
2014,五十嵐千尋,日本体育大,4:09.35,2014年09月21日(日)
2015,五十嵐千尋,日本体育大,4:09.18,2015年06月14日(日)
2016,五十嵐千尋,日本体育大,4:07.52,2016年08月07日(日)
2017,五十嵐千尋,日本体育大,4:08.28,2017年04月13日(木)
2018,五十嵐千尋,ｼﾞｪｲｴｽｴｽ,4:08.48,2018年08月24日(金)
2019,五十嵐千尋,T&G,4:08.45,2019年05月30日(木)
2020,五十嵐千尋,T&G,4:10.11,2021年02月04日(木)
2015,中村葵,大･友呂岐,4:16.05,2015年08月19日(水)
2016,中村葵,枚方ＳＳ,4:15.30,2016年05月21日(土)
2017,中村葵,枚方ＳＳ,4:14.14,2017年05月20日(土)
2018,中村葵,近畿大附,4:13.82,2018年07月25日(水)
2019,中村葵,大　阪,4:11.79,2019年09月16日(月)
2020,中村葵,神奈川大,4:12.17,2020年10月02日(金)
2021,中村葵,神奈川大学,4:17.36,2021年06月13日(日)
2022,中村葵,神奈川大学,4:16.00,2022年04月28日(木)
2014,伊藤悠乃,ｾﾝﾄﾗﾙ藤が丘,4:20.71,2014年12月06日(土)
2016,伊藤悠乃,ｾﾝﾄﾗﾙ藤が丘,4:26.44,2016年12月03日(土)
2017,伊藤悠乃,愛知淑徳高,4:14.52,2017年08月17日(木)
2018,伊藤悠乃,ｾﾝﾄﾗﾙｽﾎﾟｰﾂ,4:16.79,2019年02月10日(日)
2019,伊藤悠乃,日本大,4:14.24,2019年09月06日(金)
2020,伊藤悠乃,ｾﾝﾄﾗﾙｽﾎﾟｰﾂ,4:13.67,2020年09月13日(日)
2021,伊藤悠乃,ｾﾝﾄﾗﾙｽﾎﾟｰﾂ,4:24.06,2021年06月03日(木)
2017,池本凪沙,コパン宇治,4:27.20,2017年05月13日(土)
2018,池本凪沙,コパン宇治,4:20.75,2019年01月27日(日)
2020,池本凪沙,近畿大附,4:14.09,2020年08月22日(土)
2022,池本凪沙,中央大,4:15.34,2022年08月06日(土)
2014,柴田夏海,コナミ北浦和,4:21.14,2014年11月21日(金)
2015,柴田夏海,コナミ北浦和,4:20.80,2015年11月20日(金)
2016,柴田夏海,コナミ北浦和,4:12.79,2016年05月21日(土)
2017,柴田夏海,コナミ北浦和,4:13.69,2017年05月20日(土)
2018,柴田夏海,ＪＡＰＡＮ,4:11.48,2018年05月24日(木)
2019,柴田夏海,ＪＡＰＡＮ,4:11.14,2020年02月16日(日)
2020,柴田夏海,法政大,4:14.80,2020年10月02日(金)
2021,柴田夏海,法政大,4:15.97,2021年10月08日(金)
2012,石井茉宏,筑波大附属,4:18.81,2012年08月23日(木)
2013,石井茉宏,ｾﾝﾄﾗﾙ上池袋,4:15.53,2013年08月29日(木)
2014,石井茉宏,東　京,4:13.17,2014年09月14日(日)
2015,石井茉宏,ｾﾝﾄﾗﾙ上池袋,4:15.09,2015年08月25日(火)
2016,石井茉宏,明治大,4:11.61,2016年09月02日(金)
2017,石井茉宏,明治大,4:13.73,2017年09月01日(金)
2018,石井茉宏,明治大,4:10.54,2018年09月07日(金)
2019,石井茉宏,明治大,4:11.73,2019年09月06日(金)
2013,白井璃緒,日本,4:24.98,2014年01月23日(木)
2015,白井璃緒,宝塚東,4:16.96,2015年09月05日(土)
2017,白井璃緒,日本,4:16.00,2018年01月20日(土)
2018,白井璃緒,東洋大,4:13.82,2018年11月22日(木)
2019,白井璃緒,東洋大,4:12.29,2019年04月21日(日)
2021,白井璃緒,東洋大,4:17.89,2021年11月19日(金)
2022,白井璃緒,ミズノ,4:16.20,2022年06月19日(日)
2013,後藤真由子,みなとＳＳ,4:24.48,2013年05月05日(日)
2014,後藤真由子,神奈川大,4:25.30,2014年07月06日(日)
2015,後藤真由子,神奈川大,4:19.02,2015年07月12日(日)
2016,後藤真由子,愛　知,4:13.06,2016年09月09日(金)
2017,後藤真由子,神奈川大,4:13.73,2017年04月13日(木)
2018,後藤真由子,Jaked,4:11.29,2018年05月24日(木)
2019,後藤真由子,Jaked,4:13.54,2019年05月30日(木)
2020,後藤真由子,Jaked,4:18.11,2020年11月08日(日)
2021,後藤真由子,Ｊａｋｅｄ,4:20.67,2021年04月04日(日)
2010,長谷川鼓,鶴岡三,4:24.59,2010年08月23日(月)
2011,長谷川鼓,鶴岡三,4:18.05,2011年08月23日(火)
2012,長谷川鼓,鶴岡工業,4:12.42,2012年08月17日(金)
2012,長谷川鼓,鶴岡ＳＣ,4:13.37,2012年08月29日(水)
2013,長谷川鼓,鶴岡ＳＣ,4:13.28,2013年04月11日(木)
2014,長谷川鼓,鶴岡工業,4:12.83,2014年08月17日(日)
2015,長谷川鼓,日本体育大,4:11.95,2015年09月04日(金)
2016,長谷川鼓,日本体育大,4:13.62,2017年02月19日(日)
2017,長谷川鼓,日本体育大,4:12.84,2017年04月13日(木)
2018,長谷川鼓,日本体育大,4:11.91,2018年09月07日(金)
2019,長谷川鼓,ＪＦＥ京浜,4:20.84,2019年05月30日(木)
2010,白川有紗,観音寺中部中,4:27.63,2010年07月18日(日)
2011,白川有紗,観音寺中部中,4:23.99,2011年08月23日(火)
2012,白川有紗,香　川,4:22.05,2012年09月17日(月)
2013,白川有紗,香　川,4:18.03,2013年09月15日(日)
2014,白川有紗,観音寺中央,4:17.05,2014年08月17日(日)
2015,白川有紗,神奈川大,4:17.07,2015年08月01日(土)
2016,白川有紗,神奈川大,4:15.41,2016年09月02日(金)
2017,白川有紗,香　川,4:16.90,2017年09月16日(土)
2018,白川有紗,神奈川大,4:13.31,2018年09月07日(金)
2014,池江璃花子,ﾙﾈｻﾝｽ亀戸,4:18.92,2014年11月21日(金)
2016,池江璃花子,ﾙﾈｻﾝｽ亀戸,4:11.54,2017年01月29日(日)
2017,池江璃花子,ﾙﾈｻﾝｽ亀戸,4:09.29,2018年02月18日(日)
2021,池江璃花子,ルネサンス,4:20.89,2021年11月19日(金)
2022,池江璃花子,日本大,4:21.70,2022年07月02日(土)
2012,露内若葉,京都外大西高,4:26.28,2012年08月29日(水)
2014,露内若葉,東洋大,4:19.36,2014年06月19日(木)
2015,露内若葉,東洋大,4:13.62,2015年09月04日(金)
2016,露内若葉,東洋大,4:14.77,2016年09月02日(金)
2017,露内若葉,東洋大,4:11.77,2017年04月13日(木)
2014,日下部玲奈,東海大,4:22.22,2014年08月02日(土)
2015,日下部玲奈,東海大,4:20.95,2015年08月01日(土)
2016,日下部玲奈,東海大,4:17.39,2016年09月02日(金)
2017,日下部玲奈,東海大,4:12.88,2017年09月01日(金)
2010,森山幸美,オリエントＳ,4:23.32,2010年08月29日(日)
2012,森山幸美,豊川高,4:16.43,2012年08月29日(水)
2013,森山幸美,愛　知,4:16.12,2013年09月15日(日)
2014,森山幸美,愛　知,4:13.23,2014年09月14日(日)
2015,森山幸美,日本体育大,4:14.67,2015年09月04日(金)
2016,森山幸美,日本体育大,4:14.33,2017年02月19日(日)
2017,森山幸美,日本体育大,4:12.98,2017年09月01日(金)
2018,森山幸美,日本体育大,4:13.93,2018年09月07日(金)
2019,森山幸美,ＳＷＡＮＳ,4:12.83,2019年05月30日(木)
2020,森山幸美,ＳＷＡＮＳ,4:15.07,2020年11月08日(日)
2021,森山幸美,ＳＷＡＮＳ,4:15.67,2021年04月04日(日)
2022,森山幸美,ＳＷＡＮＳ,4:16.38,2022年04月28日(木)
2008,地田麻未,OahuClub綾瀬,4:16.62,2009年02月01日(日)
2009,地田麻未,墨田川,4:15.45,2009年08月17日(月)
2010,地田麻未,東　京,4:13.17,2010年09月12日(日)
2011,地田麻未,東　京,4:11.27,2011年09月11日(日)
2012,地田麻未,東京ＳＣ,4:10.72,2012年04月02日(月)
2013,地田麻未,東京ＳＣ,4:12.46,2013年04月11日(木)
2014,地田麻未,東洋大,4:09.64,2014年09月21日(日)
2015,地田麻未,東　京,4:10.13,2015年09月11日(金)
2016,地田麻未,ミズノ,4:12.55,2016年07月10日(日)
2017,地田麻未,ミズノ,4:12.98,2017年07月30日(日)
2013,持田早智,ﾙﾈｻﾝｽ幕張,4:20.58,2013年11月21日(木)
2014,持田早智,ﾙﾈｻﾝｽ幕張,4:17.72,2014年11月21日(金)
2015,持田早智,日本,4:14.43,2015年05月23日(土)
2016,持田早智,日本,4:10.43,2016年05月21日(土)
2017,持田早智,日本,4:20.88,2017年07月09日(日)
2019,持田早智,ルネサンス,4:14.71,2019年11月22日(金)
2020,持田早智,ルネサンス,4:19.06,2020年11月20日(金)
2009,和田麻里,JPN,4:22.10,2010年03月19日(金)
2010,和田麻里,福  岡,4:16.29,2010年09月12日(日)
2011,和田麻里,福  岡,4:13.97,2011年09月11日(日)
2012,和田麻里,福  岡,4:15.04,2012年09月17日(月)
2013,和田麻里,中京大,4:13.28,2013年09月06日(金)
2014,和田麻里,中京大,4:11.34,2014年09月05日(金)
2015,和田麻里,中京大,4:11.68,2015年04月07日(火)
2016,和田麻里,中京大,4:10.98,2016年09月02日(金)
2017,和田麻里,愛　媛,4:18.87,2017年09月16日(土)
2018,和田麻里,MEIGI,4:16.36,2018年09月02日(日)
2019,和田麻里,MEIGI,4:16.21,2019年04月02日(火)
2012,牧野紘子,東京ＳＣ,4:20.24,2012年11月22日(木)
2014,牧野紘子,東京ドーム,4:15.04,2014年06月19日(木)
2015,牧野紘子,東京ドーム,4:12.07,2016年01月31日(日)
2016,牧野紘子,東　京,4:12.15,2016年09月11日(日)
2017,牧野紘子,東　京,4:18.15,2017年09月16日(土)
2008,高野綾,ｲﾄﾏﾝ,4:20.46,2009年01月25日(日)
2009,高野綾,近畿大附,4:16.95,2009年08月17日(月)
2010,高野綾,近畿大附,4:15.57,2010年06月27日(日)
2011,高野綾,大　阪,4:09.82,2011年09月11日(日)
2012,高野綾,イ ト マ ン,4:10.74,2012年04月02日(月)
2013,高野綾,イ ト マ ン,4:13.01,2013年05月25日(土)
2014,高野綾,同志社大学,4:11.64,2014年09月05日(金)
2015,高野綾,イ ト マ ン,4:11.97,2015年06月07日(日)
2016,高野綾,イ ト マ ン,4:12.94,2017年02月12日(日)
2017,高野綾,イ ト マ ン,4:13.37,2017年04月13日(木)
2018,高野綾,ＩＴＯＭＡＮ,4:14.10,2018年11月18日(日)
2019,高野綾,ＩＴＯＭＡＮ,4:13.87,2019年11月22日(金)
2010,宮本靖子,はるおか大江,4:23.96,2010年06月27日(日)
2011,宮本靖子,はるおか大江,4:18.17,2011年06月26日(日)
2012,宮本靖子,熊　本,4:13.97,2012年09月17日(月)
2013,宮本靖子,熊　本,4:13.10,2013年09月13日(金)
2014,宮本靖子,東洋大,4:14.49,2014年06月19日(木)
2015,宮本靖子,熊　本,4:13.15,2015年09月11日(金)
2016,宮本靖子,熊　本,4:17.65,2016年09月09日(金)
2011,丸山夏輝,東邦ＳＣ,4:27.41,2011年08月29日(月)
2012,丸山夏輝,イ ト マ ン,4:18.77,2012年08月29日(水)
2013,丸山夏輝,イ ト マ ン,4:17.04,2013年08月29日(木)
2014,丸山夏輝,イ ト マ ン,4:17.23,2014年04月10日(木)
2015,丸山夏輝,大　阪,4:13.21,2015年09月13日(日)
2016,丸山夏輝,イ ト マ ン,4:20.64,2016年05月21日(土)
2017,丸山夏輝,日本体育大,4:21.84,2018年02月18日(日)
2018,丸山夏輝,日本体育大,4:15.48,2019年02月17日(日)
2019,丸山夏輝,大　阪,4:12.58,2019年09月14日(土)
2020,丸山夏輝,日本体育大,4:17.89,2020年10月02日(金)
2011,菊池優奈,御幸ヶ原ＳＳ,4:23.09,2011年10月09日(日)
2012,菊池優奈,御幸ヶ原ＳＳ,4:17.53,2012年12月09日(日)
2013,菊池優奈,作新学院,4:13.19,2013年08月17日(土)
2014,菊池優奈,栃　木,4:13.17,2014年09月12日(金)
2015,菊池優奈,栃　木,4:13.61,2015年09月11日(金)
2016,菊池優奈,東洋大,4:13.22,2016年09月02日(金)
2017,菊池優奈,東洋大,4:14.04,2017年09月01日(金)
2011,清水史華,姫路白鷺,4:24.36,2011年08月23日(火)
2012,清水史華,ＳＵＮ姫路,4:26.65,2012年05月20日(日)
2013,清水史華,ＳＵＮ姫路,4:21.49,2013年08月29日(木)
2014,清水史華,兵  庫,4:12.97,2014年09月14日(日)
2015,清水史華,ＳＵＮ姫路,4:15.70,2015年05月23日(土)
2016,清水史華,東洋大,4:22.03,2017年02月19日(日)
2018,清水史華,東洋大,4:22.04,2018年09月07日(金)
2011,樋口恵夢,ｾﾝﾄﾗﾙ浦安,4:16.01,2011年05月21日(土)
2012,樋口恵夢,ｾﾝﾄﾗﾙ浦安,4:18.29,2012年08月25日(土)
2013,樋口恵夢,千　葉,4:13.99,2013年09月15日(日)
2014,樋口恵夢,ｾﾝﾄﾗﾙ浦安,4:17.84,2014年11月23日(日)
2017,樋口恵夢,ｾﾝﾄﾗﾙ浦安,4:26.83,2017年07月09日(日)
2010,木村美咲,タップ龍ヶ崎,4:16.61,2010年08月29日(日)
2011,木村美咲,タップ龍ヶ崎,4:16.26,2011年08月29日(月)
2012,木村美咲,常総学院,4:13.80,2012年08月17日(金)
2013,木村美咲,茨  城,4:15.04,2013年09月13日(金)
2014,木村美咲,日女体大,4:16.57,2014年04月10日(木)
2015,木村美咲,日女体大,4:17.16,2015年08月01日(土)
2016,木村美咲,日女体大,4:19.58,2016年08月06日(土)
2008,貴田裕美,ALSOK群馬,4:13.73,2008年04月15日(火)
2009,貴田裕美,ALSOK群馬,4:13.07,2009年04月16日(木)
2010,貴田裕美,群  馬,4:12.80,2010年09月10日(金)
2011,貴田裕美,ALSOK群馬,4:13.90,2011年04月10日(日)
2012,貴田裕美,群  馬,4:18.14,2012年09月15日(土)
2013,貴田裕美,群  馬,4:15.19,2013年09月13日(金)
2014,貴田裕美,ALSOK群馬,4:20.46,2014年06月19日(木)
2015,貴田裕美,ＪＡＰＡＮ,4:20.04,2015年06月07日(日)
2016,貴田裕美,ＪＡＰＡＮ,4:21.06,2017年02月19日(日)
2017,貴田裕美,ＪＡＰＡＮ,4:24.86,2018年01月14日(日)
2009,伊藤愛実,小平四,4:24.51,2009年08月23日(日)
2010,伊藤愛実,小平四,4:26.16,2010年06月20日(日)
2011,伊藤愛実,ｲﾄﾏﾝ昭和の森,4:18.65,2012年01月29日(日)
2012,伊藤愛実,ｲﾄﾏﾝ昭和の森,4:13.19,2012年08月29日(水)
2013,伊藤愛実,早稲田実業,4:16.69,2013年09月22日(日)
2014,伊藤愛実,ｲﾄﾏﾝ昭和の森,4:17.09,2014年04月10日(木)
2015,伊藤愛実,ｲﾄﾏﾝ昭和の森,4:18.22,2016年02月21日(日)
2016,伊藤愛実,ｲﾄﾏﾝ昭和の森,4:17.75,2016年05月21日(土)
2017,伊藤愛実,早稲田大,4:24.57,2017年09月01日(金)
2008,小口綾乃,ｾﾝﾄﾗﾙ池袋,4:14.77,2008年04月15日(火)
2009,小口綾乃,東京立正,4:14.21,2009年08月17日(月)
2010,小口綾乃,ｾﾝﾄﾗﾙ目黒,4:15.52,2010年04月13日(火)
2011,小口綾乃,日本体育大,4:16.68,2011年09月02日(金)
2012,小口綾乃,ｾﾝﾄﾗﾙ目黒,4:13.34,2012年04月02日(月)
2013,小口綾乃,ｾﾝﾄﾗﾙ目黒,4:15.36,2013年04月11日(木)
2010,福島美里,専修大学,4:14.55,2010年09月03日(金)
2011,福島美里,専修大学,4:15.22,2011年09月02日(金)
2012,福島美里,専修大学,4:14.05,2012年09月07日(金)
2013,福島美里,ATSC.YW,4:16.76,2013年07月14日(日)
2014,福島美里,神奈川,4:14.42,2014年09月12日(金)
2015,福島美里,ATSC.YW,4:16.02,2015年04月07日(火)
2016,福島美里,ATSC.YW,4:14.58,2016年04月04日(月)
2017,福島美里,ATSC.YW,4:13.82,2017年04月13日(木)
2018,福島美里,ATSC.YW,4:15.28,2018年04月06日(金)
2019,福島美里,ATSC.YW,4:20.54,2020年02月16日(日)
2020,福島美里,ATSC.YW,4:20.55,2021年03月06日(土)
2021,福島美里,ATSC.YW,4:22.99,2021年05月15日(土)
2022,福島美里,ATSC.YW,4:24.52,2022年05月15日(日)
2008,藤野舞子,FBｲﾝﾀｰ,4:13.65,2009年01月25日(日)
2009,藤野舞子,FBｲﾝﾀｰ,4:18.55,2010年01月31日(日)
2010,藤野舞子,TEL,4:13.14,2010年04月13日(火)
2011,藤野舞子,東　京,4:12.42,2011年09月09日(金)
2012,藤野舞子,青梅市役所,4:21.51,2013年01月27日(日)
2008,中村咲子,東京SC,4:13.30,2008年08月29日(金)
2009,中村咲子,日本大,4:13.94,2009年09月04日(金)
2010,中村咲子,日本大,4:13.48,2010年09月03日(金)
2011,中村咲子,日本大,4:12.52,2011年09月02日(金)
2012,中村咲子,日本大,4:15.40,2012年09月07日(金)
2008,吉田篤代,ｶﾘﾀｽ,4:22.24,2008年08月23日(土)
2009,吉田篤代,ｶﾘﾀｽ,4:21.60,2009年06月21日(日)
2010,吉田篤代,神奈川,4:16.77,2010年09月10日(金)
2011,吉田篤代,慶應義塾大,4:14.12,2011年09月02日(金)
2012,吉田篤代,ATSC.YW,4:15.50,2012年04月02日(月)
2013,吉田篤代,慶應義塾大,4:17.58,2013年09月06日(金)
2008,関根理沙,樽町,4:22.72,2008年07月23日(水)
2009,関根理沙,神 奈 川,4:14.61,2009年09月13日(日)
2010,関根理沙,神奈川総合,4:17.44,2010年06月27日(日)
2011,関根理沙,ｳｫｰﾀｰﾒｲﾂ,4:14.32,2011年05月21日(土)
2012,関根理沙,ｳｫｰﾀｰﾒｲﾂ,4:17.22,2012年05月26日(土)
2008,矢野友理江,KONAMI西日本,4:11.56,2008年04月15日(火)
2009,矢野友理江,KONAMI西日本,4:13.85,2009年04月16日(木)
2010,矢野友理江,大　阪,4:13.22,2010年09月10日(金)
2011,矢野友理江,イ ト マ ン,4:14.35,2011年04月10日(日)
2012,矢野友理江,イ ト マ ン,4:15.96,2012年04月02日(月)
2010,伊藤華英,ｾﾝﾄﾗﾙｽﾎﾟｰﾂ,4:15.53,2010年12月12日(日)
2011,伊藤華英,ｾﾝﾄﾗﾙｽﾎﾟｰﾂ,4:14.43,2011年12月11日(日)
2008,太田明成,京都文教高,4:24.79,2008年08月29日(金)
2009,太田明成,京都文教高,4:16.16,2009年06月13日(土)
2010,太田明成,京　都,4:13.29,2010年09月12日(日)
2011,太田明成,鹿屋体育大,4:15.75,2011年04月10日(日)
2012,太田明成,鹿屋体育大,4:18.33,2012年05月26日(土)
2013,太田明成,鹿屋体育大,4:16.13,2013年09月06日(金)
2014,太田明成,鹿屋体育大,4:15.88,2014年06月19日(木)
2015,太田明成,WakayamaST,4:16.41,2015年05月23日(土)
2008,若浪和希,鹿屋体育大,4:15.96,2008年09月05日(金)
2009,若浪和希,三    重,4:11.59,2009年09月11日(金)
2010,若浪和希,鹿屋体育大,4:13.70,2010年09月03日(金)
2011,若浪和希,岐阜ＳＣ,4:17.33,2012年02月19日(日)
2012,若浪和希,岐　阜,4:15.93,2012年09月15日(土)
2008,野中瑞姫,佐賀学園,4:16.87,2008年08月17日(日)
2009,野中瑞姫,山梨学院大,4:17.24,2009年04月16日(木)
2010,野中瑞姫,山梨学院大,4:14.33,2010年09月03日(金)
2011,野中瑞姫,山梨学院大,4:17.59,2011年04月10日(日)
2012,野中瑞姫,山梨学院大,4:14.68,2012年04月02日(月)
2013,野中瑞姫,長　崎,4:19.50,2013年09月13日(金)
2014,野中瑞姫,長　崎,4:19.01,2014年09月12日(金)
2008,小川栞,初芝,4:16.45,2008年08月17日(日)
2009,小川栞,初芝SS,4:16.97,2009年06月13日(土)
2010,小川栞,初芝立命館,4:15.40,2010年08月17日(火)
2011,小川栞,初芝ＳＳ,4:22.04,2011年05月01日(日)
2012,小川栞,関西大学,4:23.30,2012年07月27日(金)
2008,岩下なつみ,中京大,4:15.63,2008年09月05日(金)
2009,岩下なつみ,中京大,4:11.60,2009年04月16日(木)
2010,岩下なつみ,中京大,4:19.43,2010年04月13日(火)
2011,岩下なつみ,中京大,4:18.63,2011年07月10日(日)
2008,倉松真子,豊川,4:18.57,2008年08月17日(日)
2009,倉松真子,豊川,4:13.08,2009年08月17日(月)
2010,倉松真子,鹿屋体育大,4:25.24,2010年04月13日(火)
2008,後藤沙貴,川口青木,4:17.57,2008年08月23日(土)
2009,後藤沙貴,武南,4:13.30,2009年08月17日(月)
2010,後藤沙貴,武南,4:17.65,2010年08月17日(火)
2011,後藤沙貴,武南,4:21.48,2011年06月27日(月)
2012,後藤沙貴,立教大,4:18.60,2012年05月26日(土)
2013,後藤沙貴,立教大,4:20.23,2013年08月03日(土)
2008,宮澤遥,鹿児島実業,4:24.09,2008年07月21日(月)
2009,宮澤遥,鴨池SS,4:13.79,2009年08月29日(土)
2010,宮澤遥,Nb,4:16.05,2010年06月05日(土)
2011,宮澤遥,鹿屋体育大,4:18.72,2011年09月02日(金)
2012,宮澤遥,鹿屋体育大,4:19.91,2012年08月09日(木)
2013,宮澤遥,鹿屋体育大,4:20.10,2013年08月09日(金)
2014,宮澤遥,鹿屋体育大,4:20.87,2014年06月29日(日)
2008,宮部加奈子,同志社大,4:11.16,2008年09月05日(金)
2009,宮部加奈子,同志社大,4:13.99,2009年09月04日(金)
2010,宮部加奈子,同志社大学,4:19.21,2010年04月13日(火)
2011,宮部加奈子,同志社大学,4:19.27,2011年05月21日(土)
2012,宮部加奈子,チームKOZ,4:23.39,2012年06月10日(日)
2008,米永智香,鹿屋体育大,4:11.76,2008年04月15日(火)
2009,米永智香,山    口,4:14.16,2009年09月11日(金)
2010,米永智香,山　口,4:16.22,2010年09月10日(金)
2011,米永智香,ＪＳＳ山本,4:17.45,2011年05月21日(土)
2008,柴田亜衣,T.ｱﾘｰﾅ,4:10.38,2008年04月15日(火)
2008,奥田麻里奈,近畿大,4:11.11,2008年09月05日(金)
2009,奥田麻里奈,近畿大学,4:19.17,2009年08月09日(日)
2010,奥田麻里奈,近畿大学,4:15.58,2010年07月30日(金)
2011,奥田麻里奈,奈  良,4:14.88,2011年09月09日(金)
2012,奥田麻里奈,天理水鏡,4:21.36,2012年04月02日(月)
2008,田井中千加,京都外大西,4:12.62,2008年08月17日(日)
2009,田井中千加,ｲﾄﾏﾝ,4:17.79,2009年04月16日(木)
2008,小野友愛,早稲田大,4:12.91,2008年09月05日(金)
2009,小野友愛,早稲田大,4:21.56,2009年05月31日(日)
2010,小野友愛,早稲田大,4:19.35,2010年05月16日(日)
2011,小野友愛,早稲田大,4:18.28,2011年09月02日(金)
